time_ms,N1,N2,N3,N4,N5,N6,N7,N8,N9,activity,rawWinner,stableWinner,score,trueClass,correct
149905,689,581,613,598,936,1001,721,627,620,147.4,N6,N7,0.965,N7,True
150001,713,585,596,611,932,1003,619,701,657,150.85,N6,N7,0.975,N7,True
150097,692,586,573,619,928,1003,601,757,616,146.18,N6,N7,0.969,N7,True
150193,569,591,553,631,924,1001,655,659,654,137.39,N6,N7,0.982,N7,True
150289,584,592,528,639,921,1000,695,737,612,147.5,N6,N7,0.968,N7,True
150385,620,595,510,651,918,1000,733,625,651,149.7,N6,N7,0.946,N7,True
150481,649,595,582,658,915,1001,574,704,607,136.18,N6,N7,0.98,N7,True
150577,679,600,701,670,913,1000,620,733,648,167.18,N6,N7,0.963,N7,True
150673,701,601,687,675,910,1003,666,670,603,161.85,N6,N6,0.966,N6,True
150769,726,606,674,687,909,1001,708,754,644,183.29,N6,N6,0.97,N6,True
150865,611,607,658,691,911,1000,691,642,598,149.96,N6,N6,0.965,N6,True
150961,570,612,645,701,913,1000,580,732,641,152.65,N6,N6,0.947,N6,True
151057,605,613,625,706,916,1001,635,651,593,142.85,N6,N6,0.971,N6,True
151153,639,618,608,716,918,1001,682,711,638,163.51,N6,N6,0.979,N6,True
151249,668,619,587,670,921,1003,719,723,586,159.63,N6,N6,0.975,N6,True
151345,704,628,569,622,929,1000,625,746,638,155.74,N6,N6,0.974,N6,True
151441,737,645,556,569,949,999,771,861,621,184.48,N6,N6,0.88,N6,True
151537,604,679,558,611,978,983,900,899,662,202.48,N6,N6,0.799,N6,True
151633,672,756,583,762,987,954,980,904,694,248.07,N6,N6,0.695,N6,True
151729,730,794,689,855,978,879,1002,871,728,274.07,N7,N6,0.739,N6,True
151825,654,804,779,911,961,752,1001,788,721,256.85,N7,N6,0.726,N6,True
151921,601,806,767,922,944,760,1000,797,730,251.96,N7,N6,0.731,N6,True
152017,648,747,663,916,937,716,1000,856,714,237.51,N7,N6,0.855,N6,True
152113,691,739,727,914,929,752,1001,855,701,249.96,N7,N6,0.877,N6,True
152209,729,669,713,916,920,728,1002,850,706,241.51,N7,N6,0.867,N6,True
152305,631,732,672,916,916,717,1001,841,709,230.63,N7,N6,0.865,N6,True
152401,612,695,731,915,912,745,1000,832,688,230.07,N7,N6,0.846,N6,True
152497,661,628,667,913,915,680,999,817,668,209.85,N7,N7,0.854,N7,True
152593,699,676,629,908,913,764,1001,827,656,223.74,N7,N7,0.863,N7,True
152689,731,712,678,905,897,667,1002,850,651,225.96,N7,N7,0.905,N7,True
152785,601,742,718,904,889,762,1003,878,648,231.74,N7,N7,0.893,N7,True
152881,632,745,685,896,865,680,999,896,644,220.29,N7,N7,0.94,N7,True
152977,792,973,881,808,804,715,980,769,663,258.4,N2,N7,0.59,N7,True
153073,828,993,933,671,716,733,939,636,639,225.4,N2,N7,0.81,N7,True
153169,849,999,927,697,760,567,890,576,597,200.29,N2,N7,0.851,N7,True
153265,860,998,915,741,618,559,863,610,614,190.96,N2,N7,0.891,N7,True
153361,864,999,906,603,686,586,845,637,642,189.85,N2,N7,0.914,N7,True
153457,864,999,906,645,737,609,847,662,583,199.18,N2,N7,0.911,N7,True
153553,865,999,913,700,647,636,846,690,618,206.07,N2,N7,0.932,N7,True
153649,862,999,922,749,662,660,851,714,647,222.96,N2,N7,0.923,N7,True
153745,863,1000,928,593,721,680,852,598,591,196.29,N2,N2,0.9,N2,True
153841,863,1000,934,662,719,701,847,553,625,204.96,N2,N2,0.899,N2,True
153937,867,1000,939,713,638,719,846,593,650,211.74,N2,N2,0.912,N2,True
154033,867,1000,930,722,702,597,843,626,594,202.4,N2,N2,0.926,N2,True
154129,872,1001,912,599,753,549,845,660,625,196.24,N2,N2,0.883,N2,True
154225,880,1001,884,653,618,594,864,699,646,197.74,N2,N2,0.894,N2,True
154321,899,999,813,677,694,640,865,691,577,199.51,N2,N2,0.86,N2,True
154417,940,973,800,689,763,711,835,658,596,211.74,N2,N2,0.835,N2,True
154513,982,935,711,694,621,674,744,831,603,192.85,N1,N2,0.936,N2,True
154609,1000,936,774,705,701,698,783,927,612,230.74,N1,N2,0.884,N2,True
154705,999,938,622,706,742,763,768,921,613,223.63,N1,N2,0.794,N2,True
154801,1000,939,690,707,623,640,642,904,615,188.96,N1,N2,0.892,N2,True
154897,1001,937,741,707,644,718,734,902,616,215.63,N1,N2,0.903,N2,True
154993,1002,936,597,710,698,681,653,898,618,192.63,N1,N2,0.843,N2,True
155089,1000,935,662,711,740,668,709,889,619,208.18,N1,N2,0.885,N2,True
155185,999,934,718,711,617,738,734,882,620,210.4,N1,N2,0.893,N2,True
155281,1000,932,693,711,641,615,672,875,620,188.85,N1,N1,0.915,N1,True
155377,1001,930,628,711,693,688,741,862,620,201.63,N1,N1,0.883,N1,True
155473,1002,928,691,711,733,751,611,854,620,204.63,N1,N1,0.877,N1,True
155569,1000,925,748,711,644,642,743,885,622,206.74,N1,N1,0.914,N1,True
155665,912,987,772,649,714,725,943,768,644,228.29,N1,N1,0.71,N1,True
155761,667,958,955,946,782,721,944,698,684,255.07,N4,N1,0.611,N1,True
155857,626,772,994,976,635,621,691,683,676,179.4,N3,N1,0.63,N1,True
155953,644,741,996,923,640,689,676,658,604,167.96,N3,N1,0.679,N1,True
156049,673,758,998,841,647,668,679,638,619,162.4,N3,N1,0.81,N1,True
156145,732,786,997,798,666,656,693,632,639,171.07,N3,N1,0.897,N1,True
156241,614,844,997,833,698,652,726,636,586,169.63,N3,N1,0.834,N1,True
156337,701,895,998,819,731,655,583,653,626,177.96,N3,N1,0.899,N1,True
156433,764,883,998,834,633,656,635,668,654,185.07,N3,N1,0.916,N1,True
156529,644,866,995,852,593,654,675,678,605,166.96,N3,N1,0.853,N1,True
156625,716,844,996,874,634,652,707,690,636,187.74,N3,N3,0.849,N3,True
156721,712,829,997,855,664,646,697,696,581,179.74,N3,N3,0.857,N3,True
156817,659,826,999,827,691,641,563,696,604,160.74,N3,N3,0.845,N3,True
156913,730,853,998,774,713,634,578,637,630,165.29,N3,N3,0.928,N3,True
157009,659,894,996,760,733,626,611,594,618,159.07,N3,N3,0.928,N3,True
157105,675,882,996,835,606,617,640,564,594,149.96,N3,N3,0.901,N3,True
157201,742,870,999,781,571,608,666,538,621,150.31,N3,N3,0.923,N3,True
157297,619,857,1000,708,602,599,689,520,641,136.42,N3,N3,0.922,N3,True
157393,680,813,997,908,648,602,729,535,592,162.97,N3,N3,0.771,N3,True
157489,707,758,938,996,746,640,789,592,708,201.63,N4,N3,0.776,N3,True
157585,729,606,806,989,777,693,780,636,764,191.18,N4,N3,0.869,N3,True
157681,636,576,792,991,804,738,802,679,763,191.29,N4,N3,0.856,N3,True
157777,581,609,817,998,852,586,827,721,755,189.32,N4,N3,0.829,N3,True
157873,631,638,877,998,799,634,858,622,758,195.07,N4,N3,0.877,N3,True
157969,673,663,845,1000,728,688,866,624,750,197.51,N4,N3,0.938,N3,True
158065,709,686,817,1000,836,733,883,683,744,225.74,N4,N3,0.942,N3,True
158161,740,711,790,999,807,602,890,733,758,218.96,N4,N3,0.912,N3,True
158257,597,732,739,998,766,647,894,596,752,184.63,N4,N4,0.898,N4,True
158353,611,626,828,998,791,702,891,649,744,197.85,N4,N4,0.918,N4,True
158449,657,561,809,998,810,745,891,704,756,209.39,N4,N4,0.885,N4,True
158545,691,593,753,1000,791,599,904,724,754,194.4,N4,N4,0.913,N4,True
158641,729,703,749,988,884,716,944,649,755,228.63,N4,N4,0.867,N4,True
158737,646,815,763,950,956,784,993,863,748,273.18,N7,N4,0.791,N4,True
158833,788,888,638,846,954,880,1000,950,694,286.51,N7,N4,0.736,N4,True
158929,762,912,654,784,948,880,1001,960,687,280.96,N8,N4,0.728,N4,True
159025,752,906,714,757,943,849,1002,946,689,277.63,N8,N4,0.725,N4,True
159121,763,885,730,824,947,829,1002,931,700,283.51,N7,N4,0.787,N4,True
159217,682,875,630,866,949,839,1000,932,705,268.74,N7,N4,0.782,N4,True
159313,787,861,694,849,950,843,999,929,699,283.51,N7,N4,0.803,N4,True
159409,712,849,745,828,951,850,1000,927,671,274.85,N7,N4,0.787,N4,True
159505,802,834,598,805,952,860,1001,924,658,263.85,N8,N4,0.72,N4,True
159601,739,849,673,787,954,871,1002,922,664,266.85,N7,N4,0.727,N4,True
159697,718,871,729,825,947,891,1000,920,670,279.07,N7,N7,0.741,N7,True
159793,757,898,654,872,939,882,1000,916,673,281.29,N7,N7,0.756,N7,True
159889,669,889,649,856,932,874,1000,915,675,266.63,N7,N7,0.758,N7,True
159985,790,884,705,819,930,883,1002,926,674,283.74,N7,N7,0.745,N7,True
160081,826,887,734,682,915,928,996,966,645,279.96,N8,N7,0.757,N7,True
160177,889,865,611,719,885,952,981,985,616,271.51,N8,N7,0.77,N7,True
160273,942,802,563,734,839,953,906,998,616,254.85,N8,N7,0.753,N7,True
160369,924,761,566,599,859,959,841,1000,634,231.51,N8,N7,0.703,N7,True
160465,905,702,555,540,849,963,863,999,590,216.42,N8,N7,0.732,N7,True
160561,899,779,555,580,830,961,888,1000,600,227.37,N8,N7,0.746,N7,True
160657,904,664,555,611,787,963,868,1000,626,214.7,N8,N7,0.782,N7,True
160753,907,747,556,639,800,968,865,1001,647,231.37,N8,N8,0.76,N8,True
160849,905,662,553,660,858,971,860,1002,587,224.03,N8,N8,0.765,N8,True
160945,910,704,555,683,835,970,858,1002,616,231.92,N8,N8,0.767,N8,True
161041,909,770,556,705,807,961,863,1002,639,240.48,N8,N8,0.766,N8,True
161137,907,642,548,717,770,958,856,1002,570,215.37,N8,N8,0.798,N8,True
161233,906,717,542,644,820,958,855,1003,599,224.92,N8,N8,0.769,N8,True
161329,900,745,540,565,844,963,858,1002,624,225.03,N8,N8,0.725,N8,True
161425,900,658,536,563,818,967,862,1001,645,215.81,N8,N8,0.747,N8,True
161521,897,738,533,592,776,969,862,1000,580,216.15,N8,N8,0.762,N8,True
161617,889,669,534,622,792,970,865,1000,609,216.26,N8,N8,0.785,N8,True
161713,884,701,534,648,849,960,867,1000,633,230.26,N8,N8,0.772,N8,True
161809,878,766,534,670,820,954,869,1000,599,231.81,N8,N8,0.78,N8,True
161905,826,596,517,684,837,976,884,992,597,215.48,N8,N8,0.806,N8,True
162001,737,610,537,695,886,998,830,969,639,210.15,N6,N8,0.75,N8,True
162097,714,613,622,698,865,1001,743,935,586,190.85,N6,N8,0.813,N8,True
162193,619,621,689,698,842,1002,797,908,621,193.07,N6,N8,0.799,N8,True
162289,682,631,673,705,861,1001,759,897,653,200.29,N6,N8,0.857,N8,True
162385,728,642,659,714,891,999,714,879,620,198.51,N6,N8,0.892,N8,True
162481,634,657,644,669,895,998,824,878,661,200.07,N6,N8,0.861,N8,True
162577,636,667,625,605,894,1000,789,875,626,184.18,N6,N8,0.874,N8,True
162673,695,680,608,557,894,1000,737,871,664,182.96,N6,N8,0.878,N8,True
162769,739,688,587,542,894,1001,763,868,630,186.23,N6,N6,0.849,N6,True
162865,593,700,567,560,893,1000,797,864,634,172.07,N6,N6,0.846,N6,True
162961,651,709,545,579,893,998,748,862,634,177.03,N6,N6,0.871,N6,True
163057,703,717,519,593,892,997,733,864,606,183.37,N6,N6,0.857,N6,True
163153,746,664,533,606,895,1000,793,844,637,190.7,N6,N6,0.857,N6,True
163249,604,599,616,622,945,998,770,853,604,172.4,N6,N6,0.909,N6,True
163345,681,555,698,668,982,988,808,843,696,209.39,N6,N6,0.886,N6,True
163441,724,595,715,753,1000,960,882,814,717,233.4,N6,N6,0.839,N6,True
163537,683,621,686,701,1000,912,859,668,755,202.85,N5,N6,0.914,N6,True
163633,591,638,646,791,1002,889,783,732,750,195.85,N5,N6,0.913,N6,True
163729,641,653,630,675,999,896,774,640,743,176.85,N5,N6,0.972,N6,True
163825,679,667,616,766,1000,887,848,688,753,204.96,N5,N6,0.909,N6,True
163921,711,680,602,654,999,888,812,753,740,197.74,N5,N6,0.916,N6,True
164017,739,689,598,737,999,889,745,619,749,189.4,N5,N6,0.937,N6,True
164113,581,700,599,695,1000,894,742,699,741,178.76,N5,N6,0.949,N6,True
164209,615,708,599,696,1000,902,800,760,732,194.74,N5,N6,0.912,N6,True
164305,658,718,603,764,1000,905,743,635,743,189.96,N5,N5,0.94,N5,True
164401,693,715,602,637,1001,908,735,710,729,185.63,N5,N5,0.951,N5,True
164497,724,658,601,718,1002,911,780,713,745,199.18,N5,N5,0.957,N5,True
164593,667,613,600,757,1001,892,688,630,741,169.96,N5,N5,0.967,N5,True
164689,570,576,595,711,990,847,785,684,758,166.21,N5,N5,0.927,N5,True
164785,611,550,569,820,959,732,691,711,772,154.5,N9,N5,0.916,N5,True
164881,638,565,561,884,899,781,761,686,777,166.57,N9,N5,0.826,N5,True
164977,654,566,575,866,805,620,602,570,777,108.72,N9,N5,0.75,N5,True
165073,669,563,587,849,860,667,662,542,776,125.85,N9,N5,0.831,N5,True
165169,683,561,596,806,835,712,712,523,775,133.63,N9,N5,0.817,N5,True
165265,696,557,610,755,783,739,733,518,776,131.63,N9,N5,0.744,N5,True
165361,709,552,621,811,763,569,590,522,776,103.63,N9,N5,0.624,N5,True
165457,721,548,631,827,843,624,651,528,775,129.29,N9,N5,0.743,N5,True
165553,678,544,639,785,816,674,701,535,775,128.51,N9,N9,0.804,N9,True
165649,600,539,647,725,783,721,743,542,775,120.07,N9,N9,0.801,N9,True
165745,545,532,652,814,788,658,581,549,776,110.63,N9,N9,0.794,N9,True
165841,568,523,657,750,857,610,644,557,778,112.97,N9,N9,0.887,N9,True
165937,587,540,659,747,823,663,692,562,777,116.75,N9,N9,0.879,N9,True
166033,605,559,665,791,788,709,735,569,777,128.39,N9,N9,0.782,N9,True
166129,628,571,678,930,794,712,605,586,775,135.51,N9,N9,0.647,N9,True
166225,648,564,730,988,842,587,748,611,766,159.05,N4,N9,0.8,N9,True
166321,675,547,752,1000,763,613,731,637,761,162.28,N4,N9,0.847,N9,True
166417,701,554,767,1001,709,639,801,658,751,172.05,N4,N9,0.917,N9,True
166513,724,574,814,1000,760,673,838,687,749,195.51,N4,N9,0.916,N9,True
166609,661,588,758,998,716,702,804,709,763,182.18,N4,N9,0.919,N9,True
166705,557,604,727,996,798,726,764,670,760,178.65,N4,N9,0.825,N9,True
166801,591,618,836,998,718,612,749,565,752,153.29,N4,N9,0.855,N9,True
166897,623,632,800,999,804,564,839,560,757,168.74,N4,N9,0.864,N9,True
166993,653,644,717,1000,739,609,824,599,759,164.96,N4,N4,0.928,N4,True
167089,682,657,819,1001,772,648,805,635,754,190.4,N4,N4,0.916,N4,True
167185,706,670,768,1000,775,683,781,667,754,193.85,N4,N4,0.925,N4,True
167281,729,687,698,1000,723,720,789,701,762,194.4,N4,N4,0.909,N4,True
167377,624,717,823,990,865,637,888,688,757,214.4,N4,N4,0.862,N4,True
167473,600,718,771,949,938,713,985,719,733,229.63,N4,N4,0.757,N4,True
167569,695,885,679,884,938,760,999,833,721,259.4,N7,N4,0.77,N4,True
167665,752,831,712,839,935,849,1000,854,715,269.74,N7,N4,0.785,N4,True
167761,611,761,757,825,939,840,1001,863,696,248.18,N7,N4,0.754,N4,True
167857,685,791,636,842,930,805,999,872,711,245.74,N7,N4,0.821,N4,True
167953,740,821,720,858,923,753,998,887,724,262.74,N7,N4,0.882,N4,True
168049,616,737,734,871,924,757,999,886,694,239.85,N7,N4,0.857,N4,True
168145,651,800,653,884,927,804,1001,872,711,249.29,N7,N4,0.836,N4,True
168241,710,730,722,893,930,759,1002,863,723,252.51,N7,N4,0.877,N4,True
168337,750,787,713,906,933,724,1001,845,693,254.74,N7,N7,0.868,N7,True
168433,603,693,651,910,937,803,1000,831,709,230.85,N7,N7,0.801,N7,True
168529,673,790,717,901,940,764,998,828,719,252.29,N7,N7,0.823,N7,True
168625,784,856,739,830,936,840,1000,917,676,279.85,N7,N7,0.807,N7,True
168721,903,839,562,632,902,930,978,987,650,258.18,N8,N7,0.736,N7,True
168817,927,744,573,653,857,955,926,997,587,239.96,N8,N7,0.778,N7,True
168913,917,793,586,684,836,967,918,998,623,251.4,N8,N7,0.777,N7,True
169009,906,670,584,701,814,977,899,1001,647,237.74,N8,N7,0.804,N7,True
169105,904,751,581,718,817,976,904,1001,589,242.4,N8,N7,0.799,N7,True
169201,906,658,585,643,848,966,909,1001,622,230.96,N8,N7,0.795,N7,True
169297,906,738,587,552,882,961,907,1001,647,236.12,N8,N7,0.73,N7,True
169393,906,704,587,582,869,960,902,1002,590,226.96,N8,N7,0.765,N7,True
169489,907,718,591,616,857,967,897,1002,623,235.4,N8,N8,0.772,N8,True
169585,906,776,593,645,843,971,892,1002,648,246.29,N8,N8,0.765,N8,True
169681,901,682,587,662,821,977,881,1001,588,226.74,N8,N8,0.795,N8,True
169777,922,782,593,687,781,968,887,999,617,241.85,N8,N8,0.777,N8,True
169873,979,822,612,695,790,888,897,990,620,248.18,N8,N8,0.742,N8,True
169969,992,802,651,692,631,847,871,971,618,223.96,N8,N8,0.689,N8,True
170065,998,845,698,697,703,806,884,965,622,239.85,N8,N8,0.671,N8,True
170161,998,878,735,706,765,783,892,968,627,254.74,N1,N8,0.685,N8,True
170257,998,894,592,710,637,746,885,968,630,222.29,N1,N8,0.655,N8,True
170353,999,914,626,715,705,810,873,958,633,241.51,N1,N8,0.673,N8,True
170449,998,910,682,685,751,759,851,949,597,235.85,N1,N8,0.752,N8,True
170545,1000,904,722,654,607,697,848,957,561,210.07,N1,N8,0.781,N8,True
170641,1002,897,643,625,682,809,840,961,543,218.61,N1,N8,0.707,N8,True
170737,1000,896,608,602,744,784,845,972,551,216.84,N1,N8,0.677,N8,True
170833,996,883,658,573,622,752,840,976,556,199.63,N1,N8,0.72,N8,True
170929,997,876,702,550,688,763,833,977,562,210.67,N1,N1,0.714,N1,True
171025,999,868,739,528,745,819,826,977,567,228.9,N1,N1,0.665,N1,True
171121,1001,859,574,529,622,780,819,978,573,191.67,N1,N1,0.665,N1,True
171217,999,883,637,539,687,727,821,977,579,202.12,N1,N1,0.721,N1,True
171313,991,950,741,573,765,801,862,949,596,240.96,N1,N1,0.734,N1,True
171409,973,979,716,607,659,673,871,868,617,211.51,N1,N1,0.835,N1,True
171505,931,997,856,664,734,705,890,687,640,227.18,N2,N1,0.869,N1,True
171601,897,995,894,767,693,725,895,699,597,233.63,N2,N1,0.865,N1,True
171697,909,995,874,644,685,578,909,674,633,204.63,N2,N1,0.856,N1,True
171793,909,995,877,735,755,611,923,599,600,216.07,N2,N1,0.823,N1,True
171889,911,996,884,674,626,657,922,655,616,209.07,N2,N1,0.86,N1,True
171985,912,997,892,686,709,694,925,700,648,233.74,N2,N1,0.863,N1,True
172081,917,997,897,747,766,724,924,715,593,246.74,N2,N1,0.834,N1,True
172177,913,997,901,616,647,589,926,575,628,192.51,N2,N1,0.857,N1,True
172273,900,998,907,688,723,605,909,635,655,217.85,N2,N2,0.873,N2,True
172369,892,998,910,743,733,650,897,683,603,227.74,N2,N2,0.884,N2,True
172465,884,998,915,612,664,691,890,726,635,217.29,N2,N2,0.872,N2,True
172561,826,1000,948,754,736,713,895,575,587,219.4,N2,N2,0.832,N2,True
172657,785,969,980,871,669,660,786,555,660,208.4,N3,N2,0.839,N2,True
172753,666,920,995,849,621,595,736,557,613,165.85,N3,N2,0.868,N2,True
172849,732,884,999,826,657,608,637,556,640,164.4,N3,N2,0.91,N2,True
172945,658,845,997,815,681,634,573,553,571,140.85,N3,N2,0.885,N2,True
173041,671,831,999,829,711,682,617,555,609,160.51,N3,N2,0.852,N2,True
173137,740,829,995,872,741,702,662,561,641,187.07,N3,N2,0.806,N2,True
173233,620,851,994,889,589,697,696,562,583,157.96,N3,N2,0.787,N2,True
173329,689,893,996,890,612,699,732,568,622,182.4,N3,N2,0.819,N2,True
173425,754,889,998,891,659,701,566,574,652,180.51,N3,N3,0.823,N3,True
173521,628,876,997,868,691,698,614,576,599,165.29,N3,N3,0.826,N3,True
173617,708,861,994,843,722,697,653,579,630,180.85,N3,N3,0.867,N3,True
173713,764,843,995,823,688,694,684,581,627,182.18,N3,N3,0.893,N3,True
173809,644,824,997,815,568,690,713,581,603,153.05,N3,N3,0.841,N3,True
173905,726,854,1001,808,618,691,649,584,635,167.4,N3,N3,0.909,N3,True
174001,685,941,983,844,685,705,675,597,597,183.63,N3,N3,0.884,N3,True
174097,826,987,950,841,756,661,838,625,646,230.07,N2,N3,0.841,N3,True
174193,877,998,914,705,621,553,874,668,585,193.02,N2,N3,0.893,N3,True
174289,898,996,907,766,706,604,879,715,622,225.96,N2,N3,0.882,N3,True
174385,900,996,915,644,765,649,866,618,650,215.96,N2,N3,0.897,N3,True
174481,905,996,920,711,634,680,848,585,594,201.51,N2,N3,0.922,N3,True
174577,910,996,925,752,711,714,849,634,627,228.74,N2,N3,0.932,N3,True
174673,916,995,930,646,770,639,860,685,653,226.07,N2,N3,0.912,N3,True
174769,918,996,919,720,649,579,861,722,601,211.74,N2,N3,0.902,N3,True
174865,914,996,903,713,725,630,863,588,632,211.63,N2,N2,0.906,N2,True
174961,906,996,888,656,726,673,872,618,605,208.96,N2,N2,0.899,N2,True
175057,912,996,866,714,674,722,890,708,600,224.74,N2,N2,0.866,N2,True
175153,973,983,728,704,742,629,853,800,605,217.51,N1,N2,0.871,N2,True
175249,999,906,642,692,672,730,757,877,598,201.51,N1,N2,0.861,N2,True
175345,1001,863,661,678,587,667,768,894,588,183.07,N1,N2,0.837,N2,True
175441,1001,851,693,670,637,723,810,919,581,202.85,N1,N2,0.79,N2,True
175537,997,841,721,661,681,700,780,923,574,202.07,N1,N2,0.811,N2,True
175633,997,855,625,653,717,738,734,923,566,194.29,N1,N2,0.777,N2,True
175729,999,870,581,645,701,673,795,926,559,187.74,N1,N2,0.761,N2,True
175825,1001,893,614,632,576,744,806,926,548,188.39,N1,N2,0.769,N2,True
175921,1001,894,649,619,625,649,766,928,537,182.84,N1,N1,0.84,N1,True
176017,1000,881,680,609,671,764,728,940,572,198.4,N1,N1,0.804,N1,True
176113,997,856,708,606,726,755,828,968,626,223.4,N1,N1,0.714,N1,True
176209,976,837,720,624,692,872,900,996,638,243.96,N8,N1,0.708,N1,True
176305,931,737,653,667,876,947,897,999,586,248.18,N8,N1,0.775,N1,True
176401,913,770,614,683,869,968,867,1001,615,248.96,N8,N1,0.755,N1,True
176497,933,704,611,709,848,966,877,1000,639,247.51,N8,N1,0.774,N1,True
176593,938,815,575,730,827,967,877,1000,574,249.29,N8,N1,0.733,N1,True
176689,919,754,541,587,803,965,870,1000,606,225.26,N8,N1,0.739,N1,True
176785,908,745,540,577,807,955,866,999,632,223.7,N8,N1,0.741,N1,True
176881,897,780,553,614,858,951,867,998,606,231.37,N8,N1,0.738,N1,True
176977,896,694,561,641,863,952,871,997,594,223.48,N8,N8,0.775,N8,True
177073,896,790,568,669,852,961,877,997,622,241.4,N8,N8,0.756,N8,True
177169,899,721,576,695,848,967,894,997,645,242.51,N8,N8,0.791,N8,True
177265,861,825,584,738,905,969,969,987,608,265.18,N8,N8,0.778,N8,True
177361,730,856,627,713,946,933,998,940,677,262.29,N8,N8,0.722,N8,True
177457,766,830,697,832,951,883,1002,874,682,273.07,N7,N8,0.744,N8,True
177553,632,755,737,869,956,856,1000,843,698,254.07,N7,N8,0.752,N8,True
177649,721,827,603,892,954,838,998,854,708,259.51,N7,N8,0.76,N8,True
177745,710,880,664,886,954,842,999,877,713,273.96,N7,N8,0.766,N8,True
177841,719,862,719,878,956,829,1000,878,682,273.74,N7,N8,0.799,N8,True
177937,753,843,704,870,957,814,1001,880,679,271.29,N7,N8,0.816,N8,True
178033,721,835,634,857,952,808,999,890,686,258.07,N7,N8,0.804,N8,True
178129,762,824,699,846,944,814,998,889,694,267.85,N7,N8,0.83,N8,True
178225,721,846,748,836,938,827,998,887,701,271.4,N7,N7,0.808,N7,True
178321,765,882,597,825,937,850,999,883,710,265.4,N7,N7,0.703,N7,True
178417,705,869,671,827,934,877,1001,880,684,265.4,N7,N7,0.738,N7,True
178513,734,804,762,931,929,773,993,794,732,265.85,N7,N7,0.793,N7,True
178609,656,671,846,995,816,626,917,664,749,208.96,N4,N7,0.91,N7,True
178705,582,606,819,998,843,627,852,695,754,192.43,N4,N7,0.861,N7,True
178801,620,624,754,999,784,671,824,725,751,188.07,N4,N7,0.917,N7,True
178897,644,632,796,1000,725,703,842,609,757,183.18,N4,N7,0.933,N7,True
178993,671,647,817,1001,846,740,868,572,764,207.4,N4,N7,0.846,N7,True
179089,694,662,820,999,798,568,849,610,759,188.85,N4,N7,0.876,N7,True
179185,717,678,811,998,732,609,845,648,750,192.07,N4,N7,0.936,N7,True
179281,693,696,804,996,820,653,842,686,759,209.96,N4,N7,0.925,N7,True
179377,566,711,797,996,760,690,829,717,753,200.76,N4,N4,0.885,N4,True
179473,604,726,825,998,739,721,815,628,747,193.74,N4,N4,0.884,N4,True
179569,633,667,854,1000,813,633,774,560,765,182.18,N4,N4,0.806,N4,True
179665,652,617,722,982,848,612,768,584,772,166.4,N4,N4,0.802,N4,True
179761,674,584,718,961,878,699,740,607,777,175.4,N4,N4,0.714,N4,True
179857,696,551,727,939,890,772,685,633,774,182.28,N9,N4,0.71,N4,True
179953,715,544,652,916,891,673,694,661,774,167.5,N9,N4,0.739,N4,True
180049,729,549,598,911,877,744,752,680,777,177.17,N9,N4,0.739,N4,True
180145,625,555,565,905,875,627,622,699,777,135.05,N9,N4,0.768,N4,True
180241,552,562,538,906,874,711,705,716,776,157.15,N9,N4,0.791,N4,True
180337,578,567,554,909,868,756,765,627,776,153.38,N9,N4,0.793,N4,True
180433,604,572,568,909,865,666,649,548,774,121.74,N9,N4,0.806,N4,True
180529,629,579,581,916,863,741,725,562,775,145.74,N9,N4,0.785,N4,True
180625,651,586,594,918,864,631,676,594,776,136.74,N9,N9,0.757,N9,True
180721,674,593,604,910,876,713,678,624,776,154.29,N9,N9,0.8,N9,True
180817,696,599,615,903,903,746,755,656,778,176.85,N9,N9,0.814,N9,True
180913,721,621,635,882,974,814,808,709,767,207.96,N9,N9,0.838,N9,True
181009,660,645,638,765,999,935,895,687,733,210.85,N5,N9,0.872,N9,True
181105,606,663,635,736,996,954,896,819,726,219.07,N5,N9,0.824,N9,True
181201,658,676,632,672,1000,959,876,756,722,210.18,N5,N9,0.881,N9,True
181297,700,688,630,748,1000,949,879,710,722,218.51,N5,N9,0.886,N9,True
181393,736,701,630,644,1000,936,884,783,738,221.4,N5,N9,0.845,N9,True
181489,608,716,632,739,1001,925,899,716,724,211.18,N5,N9,0.846,N9,True
181585,620,717,633,698,998,923,907,790,738,218.29,N5,N9,0.824,N9,True
181681,667,628,631,706,997,930,905,756,720,208.96,N5,N9,0.853,N9,True
181777,708,571,632,769,996,937,905,691,736,209.51,N5,N5,0.841,N5,True
181873,741,552,631,658,998,945,908,786,717,211.94,N5,N5,0.804,N5,True
181969,583,572,628,710,1000,960,902,751,723,198.09,N5,N5,0.848,N5,True
182065,653,601,616,729,989,988,917,868,698,222.18,N6,N5,0.814,N5,True
182161,730,631,600,656,973,999,916,942,666,228.18,N6,N5,0.784,N5,True
182257,650,650,579,558,954,998,898,957,622,200.74,N6,N5,0.769,N5,True
182353,675,664,560,549,934,994,869,948,661,200.86,N6,N5,0.772,N5,True
182449,729,675,537,564,930,997,839,941,623,202.81,N6,N5,0.783,N5,True
182545,647,685,512,578,925,999,799,942,657,198.26,N6,N5,0.807,N5,True
182641,648,694,551,589,929,1000,775,942,619,189.92,N6,N5,0.829,N5,True
182737,708,706,651,604,930,997,763,942,657,210.96,N6,N5,0.843,N5,True
182833,752,713,691,613,930,995,830,947,617,225.4,N6,N6,0.794,N6,True
182929,616,699,680,627,929,995,841,951,656,214.96,N6,N6,0.796,N6,True
183025,680,624,664,638,929,997,816,951,618,206.4,N6,N6,0.819,N6,True
183121,734,579,650,651,927,999,784,952,656,208.07,N6,N6,0.821,N6,True
183217,620,539,631,659,927,999,755,954,617,188.72,N6,N6,0.828,N6,True
183313,653,559,616,672,934,999,794,940,659,198.17,N6,N6,0.833,N6,True
183409,711,579,599,682,938,996,851,951,627,208.29,N6,N6,0.795,N6,True
183505,729,607,582,698,939,996,844,958,660,217.07,N6,N6,0.794,N6,True
183601,622,627,560,711,951,997,836,963,639,205.59,N6,N6,0.8,N6,True
183697,697,648,541,710,957,1000,859,972,603,218.81,N6,N6,0.779,N6,True
183793,756,667,523,607,947,1002,853,970,654,221.92,N6,N6,0.766,N6,True
183889,560,634,564,577,891,996,753,957,561,165.87,N6,N6,0.809,N6,True
183985,620,614,657,680,897,994,761,954,556,185.96,N6,N6,0.805,N6,True
184081,654,594,617,657,904,994,810,945,567,186.96,N6,N6,0.805,N6,True
184177,698,572,569,632,924,996,778,938,579,180.74,N6,N6,0.828,N6,True
184273,742,556,513,606,921,998,752,946,592,187.46,N6,N6,0.809,N6,True
184369,540,508,574,545,774,982,648,756,567,118.91,N6,N6,0.911,N6,True
184465,497,603,618,476,638,966,633,829,500,128.02,N6,N6,0.708,N6,True
184561,579,639,548,626,537,944,674,820,572,110.26,N8,N6,0.621,N6,True
184657,688,589,451,547,532,932,650,771,517,111.49,N8,N6,0.599,N6,True
184753,689,534,635,446,561,694,604,698,580,75.53,N8,N6,0.495,N6,True
184849,674,476,556,626,625,481,534,473,525,57.21,N4,N6,0.383,N6,True
184945,650,648,454,549,558,645,457,648,586,65.97,N1,N6,0.341,N6,True
185041,621,587,627,439,460,576,639,583,536,54.97,N2,N6,0.413,N6,True
185329,490,629,624,464,493,584,574,597,598,58.23,N3,N7,0.371,N7,True
185521,649,484,487,537,604,655,562,488,604,53.1,N5,N7,0.595,N7,True
185809,507,542,529,528,622,632,604,431,572,52.33,N5,N7,0.709,N7,True
186001,658,650,526,611,457,515,454,548,581,58.98,N1,N7,0.575,N7,True
186385,490,641,644,524,664,504,491,474,597,68.35,N3,N7,0.507,N7,True
186961,539,488,651,515,456,449,583,506,521,63.39,N3,N7,0.538,N7,True
187057,668,670,585,595,645,631,519,521,584,55.1,N1,N7,0.397,N7,True
187345,550,472,575,605,661,638,582,448,545,55.97,N5,N7,0.72,N7,True
187441,494,660,480,601,605,575,515,616,599,59.52,N9,N7,0.356,N7,True
187633,645,536,570,631,572,641,624,431,603,54.07,N4,N7,0.378,N7,True
187825,545,630,625,486,528,463,457,533,601,59.33,N3,N7,0.66,N7,True
187921,496,565,542,643,575,631,642,426,557,54.39,N4,N7,0.603,N7,True
188113,670,660,616,469,537,456,512,539,560,55.97,N2,N7,0.815,N7,True
188401,546,473,607,455,548,448,564,547,497,52.15,N3,N7,0.303,N7,True
188497,509,640,525,631,453,626,497,457,565,68.85,N4,N7,0.238,N7,True
188689,677,491,592,461,558,437,618,552,564,53.81,N1,N7,0.298,N7,True
188785,644,664,497,611,462,616,550,456,502,66.48,N1,N7,0.471,N7,True
188881,631,618,655,532,652,549,495,649,574,53.75,N3,N7,0.4,N7,True
189073,591,480,493,614,525,647,642,555,585,52.55,N7,N7,0.458,N7,True
189457,506,476,646,524,495,614,669,562,602,65.77,N8,N7,0.301,N7,True
189649,653,606,471,600,607,445,557,648,535,57.1,N1,N7,0.408,N7,True
189841,577,460,559,632,501,561,659,518,505,50.14,N4,N7,0.796,N7,True
189937,535,646,460,595,639,476,615,456,573,64.91,N9,N7,0.428,N7,True
190033,481,586,629,499,573,646,552,621,515,52.37,N6,N7,0.477,N7,True
190129,680,516,555,657,494,586,481,561,579,53.24,N4,N7,0.206,N7,True
